,ID_Pelicula,Tipo,Título,Link,Sinopsis,Calificación,Lanzamiento,Duración [MIN]
0,49849,Movie,Brothers,https://www.starz.com/ar/es/movies/Brothers-49849,"Un joven debe reconfortar a la esposa e hijos de su hermano, quien ha desaparecido en Afganistán.",SAM16,2009,104
1,50064,Movie,El sorprendente Hombre-Araña 2 - La amenaza de Electro,https://www.starz.com/ar/es/movies/El-sorprendente-Hombre-Araña-2---La-amenaza-de-Electro-50064,"Ser el Hombre Araña (Andrew Garfield) es genial. Para Peter Parker, no hay mejor sensación que columpiarse entre rascacielos, ser el héroe y pasar el tiempo con Gwen (Emma Stone).",SAM13,2014,141
2,51991,Movie,Infiel,https://www.starz.com/ar/es/movies/Infiel-51991,"En el emocionante y excitante filme de suspenso de Tyler Perry, una fiel esposa (Taraji, P. Henson) sobrepasa los límites cuando queda claro que su deshonesto esposo la ha traicionado.",SAM16,2018,120
3,61327,Movie,John Wick 2: Un nuevo día para matar,https://www.starz.com/ar/es/movies/John-Wick-2:-Un-nuevo-día-para-matar-61327,"En esta secuela del éxito de 2014, el legendario asesino John Wick (Keanu Reeves) se ve obligado a salir del retiro por un ex-asociado que planea obtener el control de un misterioso grupo internacional de asesinos. Obligado a ayudarlo por un juramento de sangre, John emprende un viaje a Roma lleno de adrenalina estremecedora para pelear contra los asesinos más peligrosos del mundo.",SAM16,2017,122
4,59236,Movie,Crímenes ocultos,https://www.starz.com/ar/es/movies/Crímenes-ocultos-59236,Un agente soviético caído en desgracia descubre una conexión entre una serie de asesinatos infantiles y el líder de un partido. Those who seek the truth will be silenced. Basada en una novela de Tom Rob Smith.,SAM16,2015,137
5,65816,Movie,Elizabeth: La edad de oro,https://www.starz.com/ar/es/movies/Elizabeth:-La-edad-de-oro-65816,"Cate Blanchett y Geoffrey Rush protagonizan esta emocionante historia de la lucha de una mujer para controlar el amor, aplastar a sus enemigos y consolidarse en el trono de Inglaterra.",SAM13,2007,114
6,63738,Movie,Venganza letal,https://www.starz.com/ar/es/movies/Venganza-letal-63738,"Un expresidiario tiene un único deseo: vengar el asesinato de su hermano, cometido durante un robo a un banco.",SAM16,2010,97
7,14139,Movie,Maria Antonieta La Reina Adolescente,https://www.starz.com/ar/es/movies/Maria-Antonieta-La-Reina-Adolescente-14139,"La historia de Marie-Antoinette, una ingenua austriaca de 14 años que se casó con Luís XVI sin estar preparada para los problemas políticos de ser la Reina de Francia durante la Revolución Francesa.",SAM13,2006,122
8,47013,Movie,La princesa prometida,https://www.starz.com/ar/es/movies/La-princesa-prometida-47013,"La historia es la clásica historia de amor y aventura como la bella Buttercup es secuestrada y retenida contra su voluntad en orden a casarse con el odioso Príncipe Humperdinck, y Westley (su amor de la infancia, quien ahora devuelve como Dread Pirate Roberts), que intenta salvarla.",ATP,1987,98
9,45158,Movie,Malas Enseñanzas,https://www.starz.com/ar/es/movies/Malas-Enseñanzas-45158,"Una malhablada maestra de séptimo grado, abandonada por su novio adinerado, empieza a perseguir a un colega, lo que causa conflictos con el modelo de enseñanza de la escuela.",SAM16,2011,91
10,39601,Movie,Se Dice De Mi,https://www.starz.com/ar/es/movies/Se-Dice-De-Mi-39601,"Cuando se descubre su mentirita blanca de que perdió la virginidad, una chica simple de la secundaria (Emma Stone) ve un paralelo con su vida en ""La letra escarlata"" de Hester Prynne, que está estudiando en la escuela, hasta que decide utilizar la usina de rumores para avanzar en su posición social y financiera.",SAM13,2010,92
11,30698,Movie,Empire State el gran robo del Bronx,https://www.starz.com/ar/es/movies/Empire-State-el-gran-robo-del-Bronx-30698,"Un guardia de seguridad es convencido por su imprudente mejor amigo de robar la compañía para la cual trabaja, junto a una violenta banda criminal y un duro detective en su camino...¿Podrán escaparse de la cárcel o de un destino peor?",SAM16,2013,94
12,51619,Movie,Escondida,https://www.starz.com/ar/es/movies/Escondida-51619,Una detective de Boston investiga los cuerpos momificados de seis mujeres.,SAM13,2011,88
13,50631,Movie,Red 2,https://www.starz.com/ar/es/movies/Red-2-50631,"El ex agente de la CIA Frank Moses y su equipo de desafortunados héroes regresan para otra misión arriesgada, esta vez con la tarea de encontrar un arma nuclear peligrosa.",SAM13,2013,115
14,62674,Movie,Más fuerte que el destino,https://www.starz.com/ar/es/movies/Más-fuerte-que-el-destino-62674,"Más Fuerte que el Destino está inspirada en la historia de Jeff Bauman, un hombre ordinario quien capturó los corazones del mundo, para convertirse en un símbolo de esperanza, después de la infame explosión de bomba del Maratón de Boston del 2013.",SAM16,2017,118
15,50107,Movie,De Tyler Perry: ¿Por qué nos casamos?,https://www.starz.com/ar/es/movies/De-Tyler-Perry:-¿Por-qué-nos-casamos?-50107,"Un grupo de amigos universitarios casados ​​van a Colorado para su reunión anual de una semana. Superficialmente, parece que será como todas las reuniones anteriores que han tenido a lo largo de los años, pero el ánimo cambia cuando la infidelidad de una pareja sale a la luz.",SAM13,2007,118
16,48991,Movie,Como si fuera la primera vez,https://www.starz.com/ar/es/movies/Como-si-fuera-la-primera-vez-48991,Un veterinario intenta reiteradamente que una mujer que tiene problemas con su memoria se enamore nuevamente de él.,SAM13,2004,99
17,51601,Movie,Si no despierto,https://www.starz.com/ar/es/movies/Si-no-despierto-51601,"Samantha Kingston (Zoey Deutch), una preparatoriana a punto de graduarse, que lo tiene todo. El 12 de Febrero es sólo otro venturoso día en la vida de Sam hasta que se ve atascada reviviéndolo inexplicablemente durante una semana.",SAM13,2017,98
18,65822,Movie,La Cumbre Escarlata,https://www.starz.com/ar/es/movies/La-Cumbre-Escarlata-65822,"Cuando un extraño seductor le roba el corazón, una joven mujer se deja llevar hasta una casa en la cima de una montaña de arcilla color rojo sangre, un lugar lleno de secretos que la perseguirán por siempre.",SAM16,2015,118
19,22163,Movie,El Justiciero,https://www.starz.com/ar/es/movies/El-Justiciero-22163,Un ex-comando sale del retiro y pone sus habilidades especiales a trabajar para rescatar a una chica que está bajo el control de unos criminales rusos. What do you see when you look at me? Basada en la serie de televisión.,SAM16,2014,131
20,62668,Movie,Hellraiser: Juicio,https://www.starz.com/ar/es/movies/Hellraiser:-Juicio-62668,Tres detectives intentan resolver un asesinato diabólico que los arrastra a las profundidades del infierno en esta próxima edición de la clásica serie HELLRAISER.,SAM16,2018,81
21,50199,Movie,Cartas a Julieta,https://www.starz.com/ar/es/movies/Cartas-a-Julieta-50199,"Mientras está de vacaciones en Verona, Sophie se encuentra con una ""carta a Julieta"" y se embarca en una misión para encontrar a su autor.",ATP,2010,105
22,42904,Movie,La última puerta,https://www.starz.com/ar/es/movies/La-última-puerta-42904,Johnny Depp es contratado por un fiel satánico que se hace pasar por un erudito de la demonología para localizar dos escasos volúmenes de una invocación satánica.,SAM16,1999,133
23,51328,Movie,De Tyler Perry: El club de las madres solteras,https://www.starz.com/ar/es/movies/De-Tyler-Perry:-El-club-de-las-madres-solteras-51328,"Cinco madres solteras en problemas dejan de lado sus diferencias para formar un grupo de apoyo, hallan inspiración y humor en su nueva hermandad y se ayudan mutuamente para superar los obstáculos que enfrentan.",SAM13,2014,111
24,51896,Movie,Después Del Sexo,https://www.starz.com/ar/es/movies/Después-Del-Sexo-51896,"¿De qué hablamos cuando el sexo termina? Conoce a ocho parejas -heterosexuales y gays, vírgenes y extraños, amantes, mentirosos, engañadores y swingers.",SAM16,2007,77
25,43838,Movie,Casino,https://www.starz.com/ar/es/movies/Casino-43838,"Esta historia se desarrolla en Las Vegas, en 1973, y está basada en hechos sobre la operación de un casino multimillonario de la mafia donde las fortunas y las vidas se creaban y se perdían.",SAM16,1995,178
26,50508,Movie,Dura verdad,https://www.starz.com/ar/es/movies/Dura-verdad-50508,"Durante su viaje en velero por España, una familia entera es secuestrada. Ahora, un joven de Wall Street debe enfrentar a las personas responsables: agentes de inteligencia del gobierno que buscan recuperar un maletín misterioso.",SAM13,2012,93
27,62067,Movie,Horizonte profundo,https://www.starz.com/ar/es/movies/Horizonte-profundo-62067,"Horizonte profundo es una historia llena de heroísmo y acción, basada en los hechos reales que sucedieron en la plataforma de Deepwater Horizon en el Golfo de México en 2010. La historia narra la valentía de los trabajadores de la plataforma y los momentos de coraje. En esta batalla de supervivencia durante lo que se convertía en uno de los mayores desastres naturales hechos por el hombre.",SAM13,2016,107
28,28990,Movie,La enfermera,https://www.starz.com/ar/es/movies/La-enfermera-28990,"Durante el día, la enfermera Abby Russell se ocupa con cariño de los pacientes de All Saints Memorial Hospital; durante la noche, merodea por los clubes nocturnos, seduciendo a hombres infieles a tener relaciones peligrosas.",SAM16,2014,83
29,9303,Movie,Dulce venganza,https://www.starz.com/ar/es/movies/Dulce-venganza-9303,"Este remake del clásico de 1978 del mismo nombre, cuenta la historia de una mujer que es brutalmente violada y asaltada por cuatro hombres, sobrevive, y toma la ley en sus propias manos buscando venganza contra sus atacantes.",SAM16,2010,108
30,30857,Movie,Rendirse jamás,https://www.starz.com/ar/es/movies/Rendirse-jamás-30857,"Un adolescente rebelde ingresa a una nueva escuela, donde se ve envuelto en la escena de la lucha clandestina. Ayudado por un especialista en artes marciales mixtas, se prepara para asumir su mayor desafío hasta ahora.",SAM13,2008,113
31,62672,Movie,Día del atentado,https://www.starz.com/ar/es/movies/Día-del-atentado-62672,La historia del bombardeo de la maratón de Boston del 2013 y la búsqueda de personas en la ciudad para encontrar a los terroristas responsables.,SAM16,2016,133
32,25264,Movie,La reina,https://www.starz.com/ar/es/movies/La-reina-25264,Hellen Mirren ganó el Oscar a Mejor Actriz en 2006 por su brillante retrato de la Reina Isabel cuando lidiaba con la trágica muerte de la Princesa Diana.,SAM13,2006,103
33,45072,Movie,Caracortada,https://www.starz.com/ar/es/movies/Caracortada-45072,"Cuando Fidel Castro abrió la frontera para que los cubanos que tuviesen familia en Miami pudieran salir, 125 mil personas salieron de Cuba con sueños de libertad y de una nueva vida.",SAM16,1983,169
34,50666,Movie,Crepúsculo La Saga: Amanecer - Parte 1,https://www.starz.com/ar/es/movies/Crepúsculo-La-Saga:-Amanecer---Parte-1-50666,"Drama de fantasía protagonizada por Robert Pattinson y Kristen Stewart. Después de regresar de su Luna de miel, Bella y Edward se sorprenden al descubrir que están esperando un bebé. Las cosas pronto empeorarán, ya que el embarazo pone en riesgo la salud de Bella y la manada de lobos, que ven al niño por nacer como una amenaza, complotan para asegurar que no llegue a la edad adulta.",SAM13,2011,117
35,50238,Movie,Crepúsculo la saga: Luna Nueva,https://www.starz.com/ar/es/movies/Crepúsculo-la-saga:-Luna-Nueva-50238,"A Bella se le parte el corazón cuando la familia Cullen decide mudarse para poner fin a su relación con el vampiro Edward. Ella busca consuelo en su amigo Jacob, y comienza a preguntarse si podrían ser algo más.",SAM13,2009,130
36,50512,Movie,De Tyler Perry: ¿Por qué me casé también?,https://www.starz.com/ar/es/movies/De-Tyler-Perry:-¿Por-qué-me-casé-también?-50512,"Con el mismo elenco carismático de la exitosa comedia dramática, ""¿Por qué me casé?"", Tyler Perry nos trae el siguiente capítulo en la vida de ocho amigos de la universidad que luchan con los desafíos de la vida conyugal en: ""¿Por qué me casé también?""",SAM13,2010,120
37,52304,Movie,47 Ronin,https://www.starz.com/ar/es/movies/47-Ronin-52304,"Después de que un traicionero caudillo mate a su señor y los destierre, 47 intrépidos samuráis juran vengarse y recobrar el honor de los suyos.",SAM13,2013,118
38,36016,Movie,Apariciones,https://www.starz.com/ar/es/movies/Apariciones-36016,"Extraños y aterradores sucesos rodean a una familia (Donald Sutherland, Sissy Spacek, Rachel Hurd-Wood) en el estado de Tennessee de 1817 luego de que un ciudadano maldijera al padre. Possession knows no bounds. Basada en el libro de Brent Monahan.",SAM16,2005,90
39,52225,Movie,Pasión inocente,https://www.starz.com/ar/es/movies/Pasión-inocente-52225,"Megan, una esposa y madre, decide que la familia debe acoger a la estudiante de intercambio, Sophie.",SAM16,2014,97
40,60743,Movie,Oscura seducción,https://www.starz.com/ar/es/movies/Oscura-seducción-60743,"Una cirujana plástica exitosa se embarca en una aventura apasionada con un enfermero, solo para descubrir el lado oscuro de su personalidad que alcanza niveles aterradores cuando ella se ve obligada a terminar su relación.",SAM16,2011,89
41,26226,Movie,The Dresser,https://www.starz.com/ar/es/movies/The-Dresser-26226,"En esta historia perversamente divertida y conmovedora, Sir reflexiona sobre sus logros y busca reconciliar sus turbulentas amistades con sus empleados antes del telón final.",SAM13,2015,109
42,52012,Movie,Repugnante,https://www.starz.com/ar/es/movies/Repugnante-52012,"Un oficial de policía drogadicto planea arruinar las posibilidades de ascenso de sus colegas por cualquier medio, incluyendo contar secretos y seducir a sus esposas. Basado en la novela de Irvine Welsh.",SAM13,2014,97
43,29581,Movie,Pandillas de Nueva York,https://www.starz.com/ar/es/movies/Pandillas-de-Nueva-York-29581,"Tras años de encarcelamiento, el joven inmigrante irlandés Amsterdam Vallon (Leonardo DiCaprio) regresa, buscando venganza contra el líder de la pandilla rival que asesinó a su padre, William Cutting alias ""Bill el Carnicero"".",SAM16,2002,166
44,51692,Movie,12 Horas,https://www.starz.com/ar/es/movies/12-Horas-51692,"Hace un año, Jill Parrish sobrevivió al secuestro de un asesino en serie. Cuando llega a casa luego de un turno nocturno descubre que su hermana Molly ha sido secuestrada, y está convencida de que el mismo asesino en serie ha vuelto por su hermana.",SAM13,2012,94
45,50698,Movie,Son como niños 2,https://www.starz.com/ar/es/movies/Son-como-niños-2-50698,"La secuela de Son como niños. Después de mudarse con su familia de regreso a su ciudad natal para estar con sus amigos y sus hijos, Lenny, descubre que entre los antiguos y los nuevos bravucones,conductores de autobús esquizofrénicos, policías borrachos sobre esquís y 400 colados a una fiesta de disfraces, a veces ocurren situaciones locas.",SAM13,2013,100
46,29999,Movie,Halloween III: El imperio de las brujas,https://www.starz.com/ar/es/movies/Halloween-III:-El-imperio-de-las-brujas-29999,Un malvado fabricante de juguetes planea vender millones de máscaras que matarán a todos los niños que las usen la noche de Halloween.,SAM16,1982,97
47,51729,Movie,Obsesión Del Pasado,https://www.starz.com/ar/es/movies/Obsesión-Del-Pasado-51729,Una ex novia amargada trama su venganza después de que su ex regresa a su ciudad natal con un nueva amante.,SAM16,2009,95
48,50756,Movie,Los juegos del hambre: Sinsajo - El final,https://www.starz.com/ar/es/movies/Los-juegos-del-hambre:-Sinsajo---El-final-50756,"Jennifer Lawrence interpreta a Katniss Everdeen, que comenzó su viaje luchando por sobrevivir a los despiadados Juegos del Hambre, y dirigió la rebelión contra el tiránico presidente de Panem (Donald Sutherland).",SAM13,2015,136
49,50122,Movie,Educación básica,https://www.starz.com/ar/es/movies/Educación-básica-50122,"Bienvenidos a la escuela primaria Geraldine Ferraro, donde los maestros están borrachos, son perezosos o psicóticos, todos los niños están abandonados y el vicedirector agotado Tom Willoman apenas resiste. Pero cuando la inspectora del distrito Rebecca Seabrook, cierra la escuela, ella y Tom diseñan un plan para recuperar las aulas del increíblemente corrupto director Billings.",SAM16,2008,94
50,39896,Movie,Traficantes por error,https://www.starz.com/ar/es/movies/Traficantes-por-error-39896,"Donald Faison protagoniza como un repartidor desafortunado que se encuentra en el centro de un negocio de drogas que salió horriblemente mal en Traficantes por Error, una comedia de acción estruendosa con un elenco de estrellas.",SAM16,2009,84
51,51823,Movie,Sin escalas,https://www.starz.com/ar/es/movies/Sin-escalas-51823,Un Comisario aéreo usa su astucia con un terrorista americano amargado que amenaza con matar a un pasajero cada 20 minutos a menos que el Comisario se suicide.,SAM13,2014,106
52,51825,Movie,Los ilusionistas: Nada es lo que parece,https://www.starz.com/ar/es/movies/Los-ilusionistas:-Nada-es-lo-que-parece-51825,"Un thriller de misterio protagonizado por Mark Ruffalo y Woody Harrelson. Cuatro magos talentosos son sacados del anonimato para convertirse en los Cuatro Jinetes, un grupo de ilusionistas de escenario que pronto atraerán la atención del FBI.",SAM13,2013,115
53,41569,Movie,Pánico en altamar,https://www.starz.com/ar/es/movies/Pánico-en-altamar-41569,"Un grupo de viejos amigos se encuentran para una reunión a bordo de un yate de lujo, pero el evento se convierte en una pesadilla cuando se lanzan al mar a nadar sin primero bajar la escalera.",SAM16,2006,94
54,42964,Movie,Rapture-Palooza,https://www.starz.com/ar/es/movies/Rapture-Palooza-42964,"Después de que el apocalipsis sucede, Lindsey y su novio Ben están entre los que quedaron en la tierra. Las cosas toman un giro aún peor cuando el Anticristo se acerca, y vuelve su atención hacia Lindsey. Decidido a escapar de sus garras y la posibilidad de convertirse en su esposa, la pareja se embarcará en una misión para encontrar una manera de derrotarlo de una vez por todas.",SAM16,2013,84
55,50355,Movie,RED: Retirados Extremadamente Duros,https://www.starz.com/ar/es/movies/RED:-Retirados-Extremadamente-Duros-50355,"Cuando un agente retirado de la CIA es el objetivo de un asesino mortal, llama a sus viejos amigos del trabajo en un intento de conocer la verdad mientras se mantiene alejado de las garras del misterioso enemigo.",SAM13,2010,111
56,51833,Movie,Recuérdame,https://www.starz.com/ar/es/movies/Recuérdame-51833,"Una joven estudiante con problemas se enamora de una chica después de un encuentro casual. Ambos llegan aceptan sus tragedias personales que ayudan a sanar entre sí, pero pronto la verdad detrás de su encuentro amenaza con poner fin a su relación.",SAM16,2010,112
57,23724,Movie,Requiem por un sueño,https://www.starz.com/ar/es/movies/Requiem-por-un-sueño-23724,"Cuatro personas luchan contra una drogadicción que llega a niveles insaciables. Pese a sus buenas intenciones, las drogas los vencen y sus vidas salen de control.",SAM16,2000,101
58,51836,Movie,Retornados,https://www.starz.com/ar/es/movies/Retornados-51836,"Un virus zombi ha infectado a la humanidad, pero se puede curar con inyecciones diarias. Así que el caos surge cuando se sabe que quedan pocos suministros de inyecciones.",SAM16,2014,98
59,57174,Movie,La cabaña,https://www.starz.com/ar/es/movies/La-cabaña-57174,"A raíz de una tragedia personal, Mackenzie Allen Phillips recibe una nota misteriosa invitándolo a “La cabaña.” Mack acude y se ve envuelto en la catarsis de redescubrir la verdad sobre el amor, la esperanza, la pérdida y el perdón.",SAM13,2017,132
60,51847,Movie,Siniestro,https://www.starz.com/ar/es/movies/Siniestro-51847,"Un autor se muda con su familia a una casa con un pasado oscuro con la esperanza de encontrar inspiración. Sin embargo, después de descubrir un conjunto de cintas de vídeo escalofriantes en la casa, se hace evidente que están en grave peligro.",SAM16,2012,110
61,37147,Movie,Spider-Man: De regreso a casa,https://www.starz.com/ar/es/movies/Spider-Man:-De-regreso-a-casa-37147,Un joven Peter Parker/Hombre Araña comienza a navegar la nueva identidad encontrada como el superhéroe lanzador de la web.,SAM13,2017,133
62,24244,Movie,Un paso adelante,https://www.starz.com/ar/es/movies/Un-paso-adelante-24244,"Tyler Gage (Channing Tatum) creció en las duras calles de Baltimore. Un roce con la ley obliga a Tyler a realizar  servicio comunitario en la Escuela de artes de Maryland de la ciudad. Allí conoce a Nora(Jenna Dewan), la primera bailarina de la escuela, y toda su vida toma un giro drástico.",SAM13,2006,103
63,30168,Movie,El traidor,https://www.starz.com/ar/es/movies/El-traidor-30168,"Cuando el honesto agente del FBI, Roy Clayton (Guy Pearce de MEMENTO) encabeza la investigación de una peligrosa conspiración internacional, todas las pistas apuntan al exoficial de Operaciones Especiales de EE. UU., Samir Horn (Don Cheadle de CRASH).",SAM13,2008,114
64,49947,Movie,Crepúsculo,https://www.starz.com/ar/es/movies/Crepúsculo-49947,"Una adolescente con problemas se muda con su padre a un pequeño pueblo aislado. Ella se enamora de un misterioso solitario con un secreto impactante, ¿podría tener algo que ver con los asesinatos locales que han comenzado a tener lugar?",SAM13,2008,121
65,51340,Movie,De Tyler Perry Tentación: Confesiones de una consejera matrimonial,https://www.starz.com/ar/es/movies/De-Tyler-Perry-Tentación:-Confesiones-de-una-consejera-matrimonial-51340,"Judith es una mujer trabajadora que está en un matrimonio amoroso pero sin pasión. Conoce a un hombre atractivo y extremadamente rico que la seduce para embarcarse en un amorío candente, pero después de que las cosas toman una serie de giros dramáticos ella encuentra que su vida cambió para siempre.",SAM16,2013,111
66,62071,Movie,Extraordinario,https://www.starz.com/ar/es/movies/Extraordinario-62071,"Tanto su familia como sus compañeros de clases y la comunidad en general luchan por encontrar la compasión y la aceptación, el extraordinario viaje de Auggie los unirá y les probará que no puedes mezclarte cuando naciste para sobresalir.",ATP,2017,113
67,37333,Movie,2012,https://www.starz.com/ar/es/movies/2012-37333,"El mundo se enfrenta a una catástrofe de proporciones apocalípticas, las ciudades quedan destruidas y los continentes se desmoronan.  En el año 2012 llega el fin del mundo y la heroica lucha de los supervivientes.",SAM13,2009,157
68,37309,Movie,Ali,https://www.starz.com/ar/es/movies/Ali-37309,"Basada en la vida del tan controvertido, pero indiscutiblemente electrizante boxeador, Muhammad Ali.",SAM16,2001,156
69,62690,Movie,Asesino: Misión venganza,https://www.starz.com/ar/es/movies/Asesino:-Misión-venganza-62690,"Stan Hurley, un veterano de la Guerra Fría, recluta y entrena a Mitch Rapp, cuya novia murió en un ataque terrorista. Con la colaboración de una letal agente turca, los tres deberán detener a un grupo terrorista antes de que inicien una guerra",SAM16,2017,111
70,50880,Movie,Escándalo Americano,https://www.starz.com/ar/es/movies/Escándalo-Americano-50880,Thriller político ambientado en los años 70 sobre un agente del FBI que investiga un caso en el que algunos miembros del Congreso aparecen implicados en un delito.,SAM16,2013,138
71,48724,Movie,American Pie: Tu primera vez,https://www.starz.com/ar/es/movies/American-Pie:-Tu-primera-vez-48724,"¡Jamás volverá a ver un pastel de manzana igual! ""American Pie"" es una visión histérica de la meta de cuatro amigos de secundaria ""desafortunados en el amor"" que hacen el pacto final: perder la virginidad la noche del baile de graduación.",SAM16,1999,95
72,41102,Movie,Anna Karenina,https://www.starz.com/ar/es/movies/Anna-Karenina-41102,"La historia explora con fuerza la capacidad de amar del corazón humano. Anna (Knightley) duda de su felicidad y de su matrimonio, y los cambios se suceden a su alrededor.",SAM16,2012,129
73,49311,Movie,Un Santa No Tan Santo,https://www.starz.com/ar/es/movies/Un-Santa-No-Tan-Santo-49311,"Willie, un Santa acabado y bromista de un centro comercial que sólo trabaja por las oportunidades criminales. Este año, Santa y su elfo ven su asalto anual en peligro debido a un inadaptado de ocho años quien decide creer que Willie es el Santa verdadero.",SAM16,2003,99
74,49853,Movie,Peligro en Bangkok,https://www.starz.com/ar/es/movies/Peligro-en-Bangkok-49853,"Joe (Nicolas Cage) es un asesino profesional que llega a Bangkok para atender algunos asuntos. Inesperadamente se encuentra entrenando a una joven alumna. Luego, se enamora de una mujer que no tiene conocimiento de su verdadero trabajo.",SAM16,2008,99
75,39540,Movie,Belly,https://www.starz.com/ar/es/movies/Belly-39540,Dos mafiosos tienen una epifanía.,SAM16,1998,95
76,62746,Movie,Best F(r)iends: Volume 1,https://www.starz.com/ar/es/movies/Best-F(r)iends:-Volume-1-62746,"El dúo dinámico detrás de THE ROOM y THE DISASTER ARTIST (Tommy Wiseau y Greg Sestero) vuelven a encontrarse después de 15 años en este nuevo clásico de culto. Cuando un vagabundo (Sestero) se hace amigo del extravagante encargado de una funeraria (Wiseau), se forma una rara sociedad comercial. Esto pronto da lugar a la paranoia, y ambos deberán aceptar la fragilidad de la amistad y la lealtad.",SAM16,2018,103
77,62686,Movie,Best F(r)iends: Volume Two,https://www.starz.com/ar/es/movies/Best-F(r)iends:-Volume-Two-62686,"Un vagabundo se hace amigo de un extravagante director de funeraria, y pronto, forman una sociedad, aunque una que poco tiene de comercial. La locura no tarda en surgir, pero estos hombres se verán forzados a sobrellevar las cosas a través de la amistad y la lealtad.",SAM16,2018,93
78,60449,Movie,Punto ciego,https://www.starz.com/ar/es/movies/Punto-ciego-60449,Los amigos de toda la vida Daveed Diggs y Rafael Casal coescribieron y protagonizaron esta entretenida historia sobre las interacciones de las razas y clases en una Oakland en rápido crecimiento.,SAM16,2018,95
79,62684,Movie,UNA BODA PARA NAVIDAD,https://www.starz.com/ar/es/movies/UNA-BODA-PARA-NAVIDAD-62684,Haley Foster escapó de su infancia en un pequeño pueblo en Pineridge y construyó una gran vida en la ciudad de Los Ángeles como una de las mejores planificadoras de bodas en una poderosa compañía de elite dirigida por la Sra. Reynolds.,ATP,2018,88
80,47783,Movie,Capitán Phillips,https://www.starz.com/ar/es/movies/Capitán-Phillips-47783,El capitán Richard Phillips intenta escapar de piratas armados somalíes mientras que la Marina de los Estados Unidos trata de rescatarlo.,SAM13,2013,134
81,65820,Movie,Casi Navidad,https://www.starz.com/ar/es/movies/Casi-Navidad-65820,Una familia disfuncional se reúne para su primera Navidad desde que falleció su mamá.,SAM13,2016,110
82,62670,Movie,¡Competencia en la cocina!,https://www.starz.com/ar/es/movies/¡Competencia-en-la-cocina!-62670,Una madre soltera que sueña con una vida mejor y ama cocinar encuentra el camino al éxito cuando su hijo la insribe en una competencia de gastronomía.,ATP,2017,98
83,60686,Movie,El contratista,https://www.starz.com/ar/es/movies/El-contratista-60686,"Elizabeth Chase es una esposa comprensiva y una madre amorosa. Su trabajo en uno de los principales hospitales infantiles de Los Ángeles la tiene bastante ocupada estos días. Además, la crianza de su hija McKenzie, consume todo su tiempo.",SAM13,2013,88
84,49809,Movie,Crank: muerte anunciada,https://www.starz.com/ar/es/movies/Crank:-muerte-anunciada-49809,"Hoy es el último día de la vida del asesino a sueldo Chev Chelios. Le suministraron un veneno que lo matará si permite que su corazón se estabilice a un ritmo normal. Para mantenerse con vida y vengarse, Chev debe mantener su adrenalina elevada de cualquier manera posible.",SAM16,2006,87
85,60735,Movie,Crímenes de lujuria,https://www.starz.com/ar/es/movies/Crímenes-de-lujuria-60735,"Rebeca y Arturo encuentran pasión el uno en el otro - y quizá hasta el amor. Pero sobre todo, tienen una oportunidad: Rebeca quiere asesinar a su esposo y cobrar el seguro, mientras que Arturo podrá poseer a la mujer de sus sueños y todo su dinero.",SAM16,2011,89
86,47298,Movie,Cubos,https://www.starz.com/ar/es/movies/Cubos-47298,"Un grupo de seis completos extraños, de personalidades y orígenes muy variados, son puestos involuntariamente en un laberinto interminable que contiene trampas mortales. Sin recordar cómo llegaron al laberinto, deben encontrar una salida.",SAM16,1997,90
87,52235,Movie,Lugares oscuros,https://www.starz.com/ar/es/movies/Lugares-oscuros-52235,"Charlize Theron, Nicholas Hoult, Cholë Grace Moretz y Christina Hendricks protagonizan este thriller de misterio, basado en la novela de Gillian Flynn (Perdida).",SAM16,2015,113
88,43805,Movie,Baile caliente,https://www.starz.com/ar/es/movies/Baile-caliente-43805,"En 1963, Baby, de 17 años está de vacaciones con su familia en un centro turístico de la montaña cuando se siente atraída a los cuarteles del personal y su agitada música. Allí conoce a Johnny y se enamoran a pesar de las advertencias de todos.",SAM13,1987,100
89,50899,Movie,Divergente,https://www.starz.com/ar/es/movies/Divergente-50899,"En el futuro, una adolescente aprende que es una ""Divergente"". Cuando se entera del complot de un malvado líder para asesinar a todos los divergentes se embarca en una búsqueda frenética para saber la verdad sobre sí misma.",SAM13,2014,139
90,51081,Movie,Divergente la serie: Insurgente,https://www.starz.com/ar/es/movies/Divergente-la-serie:-Insurgente-51081,"Los fugitivos Tris y Four buscan aliados y respuestas entre las ruinas de Chicago mientras tratan de evadir desesperadamente a Jeanine, líder de los Eruditos. Basada en la novela de Veronica Roth",SAM13,2015,118
91,62692,Movie,La maldición de Blackwood,https://www.starz.com/ar/es/movies/La-maldición-de-Blackwood-62692,"Cinco adolescentes emocionalmente frágiles son enviadas a Blackwood, una misteriosa escuela para niñas superdotadas y perturbadas.",SAM13,2018,96
92,51070,Movie,Decisión final,https://www.starz.com/ar/es/movies/Decisión-final-51070,"En el día del Draft de la NFL, el gerente general de los Cafés de Cleveland debe decidir que es lo que está dispuesto a sacrificar mientras busca al seleccionado número uno.",SAM13,2014,109
93,50713,Movie,Dredd,https://www.starz.com/ar/es/movies/Dredd-50713,"Una prostituta convertida en narcotraficante pretende apoderarse de la futurista ciudad de Mega City One. El juez Dredd, el principal miembro de una fuerza policial de élite, es la última esperanza de la ciudad.",SAM16,2012,95
94,6612,Movie,Dune,https://www.starz.com/ar/es/movies/Dune-6612,Ésta es la saga del guerrero Intergaláctico Paul Atreides y su ascenso mesiánico para conducir a su pueblo en su lucha por la supervivencia.,SAM13,1984,136
95,51654,Movie,El gringo,https://www.starz.com/ar/es/movies/El-gringo-51654,Un hombre es emboscado en una ciudad fronteriza mexicana llena de gángsters con una bolsa llena de dinero robado y debe encontrar la manera de mantenerse con vida hasta que pueda salir.,SAM16,2012,98
96,38259,Movie,Enemigo invisible,https://www.starz.com/ar/es/movies/Enemigo-invisible-38259,"La coronel Katherine Powell dirige una misión secreta de drones para capturar a un grupo de terroristas que vive en una casa de seguridad en Narobi, Kenia. La situación escala de nivel cuando el piloto del drone se dirige a atacar se percata que una niña de 9 años entra en la zona de muerte. Powell contacta a sus superiores para tomar la dificil desición de seguir o detener la operación.",SAM16,2016,102
97,50202,Movie,Plan de escape,https://www.starz.com/ar/es/movies/Plan-de-escape-50202,"Ray Breslin, una de las principales autoridades del mundo en materia de seguridad estructural, acepta asumir un trabajo poco ortodoxo: salir de una instalación ultra secreta y de alta tecnología llamada la Tumba. Cuando acepta, se inserta en la prisión más secreta y segura del mundo, y necesitará la ayuda de un compañero preso llamado Emil Rottmayer.",SAM16,2013,115
98,62698,Movie,Father Figures,https://www.starz.com/ar/es/movies/Father-Figures-62698,"Dos hermanos mellizos crecieron pensando que su padre había muerto, pero descubren que está vivo y emprenden un viaje para encontrarlo. No será sencillo, ya que su madre se acostó con muchos hombres poderosos y famosos en la década de 1970.",SAM16,2017,112
99,50421,Movie,Pobres divas,https://www.starz.com/ar/es/movies/Pobres-divas-50421,"Nora y Mary Domínguez, dos hermanas que llevan una vida fácil y llena de lujos en Beverly Hills, lo pierden todo cuando su padre muere súbitamente. Las hermanas van a vivir con su tía a Los Ángeles Este, una zona mucho más humilde de la ciudad.",SAM13,2011,106
100,30233,Movie,A conseguir trabajo,https://www.starz.com/ar/es/movies/A-conseguir-trabajo-30233,"Cuando Will se queda sin trabajo y a Jillian la despiden, la joven pareja y sus amigos deben soportar la humillación pública, novatadas y pruebas de dopaje sorpresa para poder iniciar sus carreras como principiantes.",SAM13,2016,82
101,62676,Movie,El castillo de cristal,https://www.starz.com/ar/es/movies/El-castillo-de-cristal-62676,"Aventuras extravagantes de una familia resiliente y unida encabezan El castillo de cristal, una extraordinaria historia de amor incondicional.",SAM13,2017,126
102,59238,Movie,Dioses de Egipto,https://www.starz.com/ar/es/movies/Dioses-de-Egipto-59238,"Bek, un héroe mortal, se une al dios Horus en una alianza contra Set, el despiadado dios de las tinieblas, que ha usurpado el trono de Egipto, sumiendo a un imperio que una vez fue pacífico y próspero en el caos y el conflicto.",SAM13,2016,127
103,51727,Movie,Fenómeno siniestro 2,https://www.starz.com/ar/es/movies/Fenómeno-siniestro-2-51727,"Un año después de que un equipo de filmación pasara una noche fatal en el Hospital Psiquiátrico Collingwood, un nuevo equipo vuelve a los pasillos en busca de la verdad. Es decir, si queda alguien vivo para contarlo.",SAM16,2012,99
104,51947,Movie,Grey Lady,https://www.starz.com/ar/es/movies/Grey-Lady-51947,"Después de que su compañera policía y amante, fuera asesinada en Boston, el detective de homicidios James Doyle (Eric Dane) sigue una pista puesta en las últimas palabras de ella hasta la remota isla de Nantucket para buscar a su asesino en la solitaria temporada baja.",SAM16,2017,109
105,51492,Movie,El grito 3,https://www.starz.com/ar/es/movies/El-grito-3-51492,Un doctor (Shawnee Smith) necesita la ayuda de una misteriosa mujer japonesa para combatir a dos fantasmas vengativos.,SAM16,2009,90
106,29251,Movie,The Grudge 2,https://www.starz.com/ar/es/movies/The-Grudge-2-29251,Una joven mujer (Amber Tamblyn) descubre una terrible maldición mientras busca a su hermana (Sarah Michelle Gellar) desaparecida en Tokio.,SAM13,2006,102
107,29285,Movie,El grito,https://www.starz.com/ar/es/movies/El-grito-29285,Karen es una enfermera estadounidense que vive en Tokio y está expuesta a una misteriosa maldición sobrenatural. La maldición es un espíritu vengativo que posee a una persona en una rabia poderosa antes de reclamar su vida.,SAM13,2004,91
108,49407,Movie,La Guardería de Papá,https://www.starz.com/ar/es/movies/La-Guardería-de-Papá-49407,"Cuando los ejecutivos publicitarios Charlie y Phil pierden su trabajo intentando vender un cereal de desayuno con sabor a verduras, se convierten en los propietarios de la guardería Papá Canguro.",ATP,2003,92
109,46437,Movie,Noche de brujas,https://www.starz.com/ar/es/movies/Noche-de-brujas-46437,"En Halloween, Michael Myers aterroriza a una adolescente y sus amigos.",SAM16,1978,91
110,52072,Movie,Halloween 4: el regreso de Michael Myers,https://www.starz.com/ar/es/movies/Halloween-4:-el-regreso-de-Michael-Myers-52072,"Hace diez años, cambió la manera de vivir el día de brujas.  Esta noche...¡él está de vuelta!",SAM16,1988,88
111,52080,Movie,Halloween 5: la venganza de Michael Myers,https://www.starz.com/ar/es/movies/Halloween-5:-la-venganza-de-Michael-Myers-52080,"Los ciudadanos de Haddonfield, Illinois, están a punto de soportar la venganza de Michael Myers, ya que el presunto asesino muerto ha vuelto para a matar de nuevo.  Protagonizada por Donald Pleasance y Danielle Harris.",SAM16,1989,97
112,29934,Movie,Halloween II,https://www.starz.com/ar/es/movies/Halloween-II-29934,"El desquiciado asesino Michael Myers regresa, y está mucho más decidido a asesinar a Laurie Strode. Mientras tanto, ella intenta descubrir la verdad de sus ansias de matarla, y finalmente descubre un secreto impactante.",SAM16,1981,92
113,63451,Movie,El árbol de Navidad,https://www.starz.com/ar/es/movies/El-árbol-de-Navidad-63451,"Cuando la chica de la gran ciudad (Lacey Chabert) regresa para salvar la el vivero de árboles de su infancia, tal vez puede redescubrir más de lo que quería, incluyendo a su amor verdadero.",ATP,2014,87
114,50815,Movie,Los juegos del hambre: En llamas,https://www.starz.com/ar/es/movies/Los-juegos-del-hambre:-En-llamas-50815,"Katniss Everdeen ha regresado a casa a salvo después de ganar los 74º juegos anuales del Hambre. Siente que una rebelión se avecina, pero el Capitolio todavía está en control, ya que los Próximos juegos del Hambre están listos.",SAM13,2013,146
115,50738,Movie,Los juegos del hambre: Sinsajo - Parte 1,https://www.starz.com/ar/es/movies/Los-juegos-del-hambre:-Sinsajo---Parte-1-50738,"El fenómeno mundial continúa. Katniss (Jennifer Lawrence) sobrevivió y destruyó los Juegos del Hambre, y ahora se levanta con el Distrito 13 para luchar contra el presidente Snow (Donald Sutherland).",SAM13,2014,122
116,62700,Movie,Si Solo Pudiera Imaginar,https://www.starz.com/ar/es/movies/Si-Solo-Pudiera-Imaginar-62700,"Bart Millard es el líder de la banda cristiana MercyMe, que pierde a su padre por un cáncer. Este trágico suceso le inspira a escribir una canción que tiene gran éxito llamada I Can Only Imagine y en la que se inspira está dramática historia.",ATP,2018,110
117,25826,Movie,Dulce venganza 2,https://www.starz.com/ar/es/movies/Dulce-venganza-2-25826,"Del director de la aclamada remake del 2010, este nuevo episodio impactante muestra a una modelo brutalizada que sobrevive para buscar su venganza.  Protagonizada por Jemma Dallender y Joe Absolom.",SAM16,2013,106
118,51754,Movie,Lo imposible,https://www.starz.com/ar/es/movies/Lo-imposible-51754,"Esta película aclamada por la por Naomi Watts y Ewan McGregor está basada en la verdadera historia de una familia atrapada en una de las peores catástrofes naturales de nuestro tiempo, el tsunami del 2004, que devastó el sudeste asiático.",SAM13,2012,113
119,51811,Movie,Los Perdedores Movie,https://www.starz.com/ar/es/movies/Los-Perdedores-Movie-51811,"Cuatro mejores amigos se embarcan en unas vacaciones inolvidables en el extranjero llenas de sol, alcohol y la promesa de una pasión salvaje y loca en esta estrambótica comedia británica.",SAM16,2012,97
120,43870,Movie,Jane Eyre,https://www.starz.com/ar/es/movies/Jane-Eyre-43870,"Cuando la institutriz huérfana Jane Eyre Mia Wasikowska) llega al imponente Thornfield Hall, queda fascinada por su meditabundo y rico empleador, Rochester (Michael Fassbender).",SAM13,2011,120
121,29696,Movie,Jerry Maguire: Amor y desafio,https://www.starz.com/ar/es/movies/Jerry-Maguire:-Amor-y-desafio-29696,"Tom Cruise hace su mejor actuación hasta la fecha (Neil Rosen, NY-1) como representante deportivo que de repente descubre sus escrúpulos y en consecuencia pierde su trabajo.",SAM13,1996,138
122,62688,Movie,Jigsaw: El juego continúa,https://www.starz.com/ar/es/movies/Jigsaw:-El-juego-continúa-62688,"Cadáveres se han estado apareciendo por toda la ciudad. Conforme la investigación avanza, las evidencias indican hacia un hombre: John Kramer. Pero ¿cómo puede ser esto? El hombre conocido como Jigsaw ha estado muerto por más de diez años.",SAM16,2017,91
123,44132,Movie,Una esposa de mentira,https://www.starz.com/ar/es/movies/Una-esposa-de-mentira-44132,Un hombre recurre a una mujer y a sus hijos para conquistar a la mujer de sus sueños.,SAM13,2011,116
124,6462,Movie,El Karate Kid,https://www.starz.com/ar/es/movies/El-Karate-Kid-6462,"Un adolescente aprende sobre la vida, la amistad y el coraje bajo la guía de un maestro de artes marciales.",ATP,1984,126
125,62756,Movie,El legado,https://www.starz.com/ar/es/movies/El-legado-62756,"Un exconvicto recientemente liberado y su hermano menor, adoptivo, se ven obligados a huir. Al ser perseguidos por un criminal vengativo, los federales y un grupo de soldados de otro mundo, encontraron su única protección: un arma de ascendenciamisteriosa.",SAM13,2018,102
126,50862,Movie,El lado oscuro del deseo,https://www.starz.com/ar/es/movies/El-lado-oscuro-del-deseo-50862,"Evan es un hombre casado cuya mujer e hijos están de viaje. Una noche lluviosa acoge a dos chicas que, aunque al principio se muestre reacio, lo seducen. Lo que todavía no sabe son los horribles planes que ellas tienen para él.",SAM16,2015,99
127,49386,Movie,Cuenta regresiva,https://www.starz.com/ar/es/movies/Cuenta-regresiva-49386,"Un maestro abre una cápsula del tiempo que ha sido desenterrada en la escuela primaria de su hijo, en ella hay algunas predicciones escalofriantes, algunas que ya han ocurrido y otras que están a punto de ocurrir, que le llevan a creer que su familia juega un papel en los acontecimientos que están a punto de desarrollarse.",SAM13,2009,121
128,62069,Movie,La La Land: Una historia de amor,https://www.starz.com/ar/es/movies/La-La-Land:-Una-historia-de-amor-62069,"Emma Stone y Ryan Gosling la protagonizan como Mia y Sebastian, una actriz y un músico de jazz que buscan alcanzar sus sueños en Hollywood y se encuentran uno al otro en una animada celebración de esperanza, sueños y amor.",SAM13,2016,127
129,60725,Movie,Ladrones,https://www.starz.com/ar/es/movies/Ladrones-60725,El legendario ladrón Alejandro Toledo regresa a sus raíces con un nuevo socio para reclamar tierras robadas a una comunidad humilde por una despiadada familia de ladrones.,SAM13,2015,97
130,59242,Movie,El último cazador de brujas,https://www.starz.com/ar/es/movies/El-último-cazador-de-brujas-59242,El último cazador de brujas es la única barrera entre la humanidad y las fuerzas combinadas de las más terribles brujas de la historia.,SAM13,2015,106
131,49225,Movie,Laws Of Attraction,https://www.starz.com/ar/es/movies/Laws-Of-Attraction-49225,"Dos exitosos abogados rivales de Nueva York se enamoran, a pesar de sostener una batalla en dos casos de divorcio.",SAM13,2004,90
132,25250,Movie,El duende 2,https://www.starz.com/ar/es/movies/El-duende-2-25250,"Hace mil años, un duende malvado se frustra al intentar atrapar a una joven novia. Ahora, en 1994 en Los Ángeles, el duende está decidido a tomar a la hermosa descendiente de la mujer como su novia y dejará un rastro de carnicería haciéndolo.",SAM16,1994,85
133,63744,Movie,El libro de los secretos,https://www.starz.com/ar/es/movies/El-libro-de-los-secretos-63744,Un héroe solitario tiene que buscarse la vida en las tierras baldías de la América post-apocalíptica para proteger un libro sagrado que contiene la llave para salvar el futuro de la humanidad.,SAM16,2010,117
134,38894,Movie,Llámame Por Tu Nombre,https://www.starz.com/ar/es/movies/Llámame-Por-Tu-Nombre-38894,"A mediados del esplendoroso verano de 1980 en Italia, Elio y Oliver descubren el maravilloso despertar del deseo que cambiara sus vidas por siempre.",SAM16,2017,131
135,62696,Movie,Golpe en londres,https://www.starz.com/ar/es/movies/Golpe-en-londres-62696,"Un atraco a un banco sale mal y alguien es asesinado, pero las cosas pueden no ser lo que parecen.",SAM16,2017,95
136,63444,Movie,Make your move,https://www.starz.com/ar/es/movies/Make-your-move-63444,"Make your move trata de una joven bailarina coreana, Aya (BoA), que vive en Nueva York y dirige su grupo de baile femenino Cobu. Aya se enamora de Donny (Derek Hough), un valiente y atrevido bailarín que se muda de Nueva Orleans a Nueva York para ayudar a su hermanastro, Nick (Wesley Jonathan), a dirigir uno de los clubes de baile más populares de la ciudad.",SAM13,2014,109
137,50021,Movie,Mamma Mia!,https://www.starz.com/ar/es/movies/Mamma-Mia!-50021,"Donna, una madre independiente y soltera, dueña de un pequeño hotel en una idílica isla griega, está a punto de dejar que se marche Sophie, la hija a la que ha criado sola.",ATP,2008,108
138,49297,Movie,Al borde del abismo,https://www.starz.com/ar/es/movies/Al-borde-del-abismo-49297,"Un ex policía, recientemente liberado de prisión, está parado en la cornisa de un edificio, amenazando con saltar. Mientras tanto, un enorme robo de joyas se está llevando a cabo cerca ¿hay más en la historia de lo que se ve a simple vista?",SAM13,2012,102
139,30190,Movie,¿Conocen a Joe Black?,https://www.starz.com/ar/es/movies/¿Conocen-a-Joe-Black?-30190,"Bill es un amoroso padre y un honesto hombre de negocios que jamás ha pensado en la muerte hasta que una mañana, se le aparece para cumplir lo inevitable.",SAM13,1998,180
140,47625,Movie,Hombres De Negro,https://www.starz.com/ar/es/movies/Hombres-De-Negro-47625,"HOMBREHOMBRES DE NEGRO sigue las peripecias de los agentes K y J, miembros de una organización ultrasecreta establecida para monitorear la actividad alienígena en la Tierra.",SAM13,1997,97
141,29666,Movie,Los mensajeros,https://www.starz.com/ar/es/movies/Los-mensajeros-29666,"Una siniestra oscuridad invade una serena granja de girasoles en Dakota del Norte, y la familia Solomon está destrozada por la sospecha, el caos y el asesinato.",SAM13,2007,90
142,63545,Movie,Una Navidad a la medida,https://www.starz.com/ar/es/movies/Una-Navidad-a-la-medida-63545,"Este año Steven acogerá a su familia durante la Navidad, por lo que contrata a una organizadora de eventos para que le ayude a planear su fiesta familiar.",ATP,2018,84
143,62682,Movie,Una Navidad a la moda real,https://www.starz.com/ar/es/movies/Una-Navidad-a-la-moda-real-62682,"Kristin Cooper, la guapa y talentosa asistente de una firma global de relaciones públicas, es
puesta a cargo del Desfile de Moda y Subasta Navideña anual para el empresario de ropa, Sr. Carson.",ATP,2018,86
144,63106,Movie,Navidad empaquetada,https://www.starz.com/ar/es/movies/Navidad-empaquetada-63106,"Candace Cameron Bure protagoniza Navidad empaquetada, como la doctora Lauren Burnell que acepta una posición en Alaska después de perder a su novio y prestigioso compañero de cirugía, sólo para luego darse cuenta que es en un diminuto hospital en un pueblito.",ATP,2014,86
145,31681,Movie,No Hay Nada Como las Fiestas,https://www.starz.com/ar/es/movies/No-Hay-Nada-Como-las-Fiestas-31681,Los distantes miembros de la familia Rodriguez se unen en la casa de sus padres para enfrentar lo que podría ser su última Navidad juntos en esta conmovedora comedia navideña.,SAM13,2008,98
146,41557,Movie,Open Water,https://www.starz.com/ar/es/movies/Open-Water-41557,"Dan y Susan están extáticos de estar finalmente en sus tan anticipadas vacaciones tropicales en el Caribe. Sin embargo, después de un error cometido por el personal de su barco, la pareja se queda sola en medio del océano, y su terrible experiencia pronto se convierte en una pesadilla cuando los tiburones comienzan a aparecer. Inspirada en una historia real.",SAM16,2003,79
147,65840,Movie,Ouija: El origen del mal,https://www.starz.com/ar/es/movies/Ouija:-El-origen-del-mal-65840,"En Ouija: El origen del mal, la secuela del éxito inesperado del 2014, un grupo de ilusos amigos debe confrontar sus más terribles miedos cuando desatan un mal del más allá que sólo ellos pueden mandar de regreso.",SAM13,2016,98
148,51827,Movie,Las ventajas de ser invisible,https://www.starz.com/ar/es/movies/Las-ventajas-de-ser-invisible-51827,"Drama protagonizado por Emma Watson y Ezra Miller, basado en la novela de Stephen Chbosky. Charlie siempre ha sido un introvertido, pero es forzado a salir de las sombras cuando conoce a Sam y a su hermanastro amante de la aventura Patrick. Juntos, el trío inicia un viaje de descubrimiento mientras exploran el amor, la sexualidad, la música y las fiestas salvajes.",SAM13,2012,102
149,63543,Movie,"Posdata, te amo","https://www.starz.com/ar/es/movies/Posdata,-te-amo-63543",Una viuda (Hilary Swank) apenada encuentra una serie de mensajes que le dejó su marido fallecido para ayudarle a disminuir su dolor y alentarla a iniciar una nueva vida por sí misma.,SAM13,2007,125
150,61798,Movie,Power Rangers,https://www.starz.com/ar/es/movies/Power-Rangers-61798,Saban’s Power Rangers cuenta la historia de cinco adolescentes de lo más ordinario que deben convertirse en algo extraordinario al enterarse que su pueblito de Angel Grove – y el mundo – están a punto de ser aniquilados por una amenaza extraterrestre.,SAM13,2017,123
151,52089,Movie,El Príncipe y yo,https://www.starz.com/ar/es/movies/El-Príncipe-y-yo-52089,"Paige es una estudiante de medicina brillante de un pueblo rural con grandes planes para su futuro. Sin embargo, estos planes quedan en un segundo plano cuando conoce a Eddie, un estudiante de Dinamarca del que se enamora.",ATP,2004,110
152,34897,Movie,La redada,https://www.starz.com/ar/es/movies/La-redada-34897,"En el corazón de la poblada ciudad de Jakarta está el escondite de una pandilla de traficantes. Antes de amanecer un escuadrón de S.W.A.T llega para atrapar al líder, pero cuando la noticia de la redada se esparce, los habitantes del edificio no se detendrán para impedir el asalto y el escuadrón deberá encontrar la salida en la misión más mortal que jamás hayan tenido",SAM16,2012,101
153,63541,Movie,Ranchero,https://www.starz.com/ar/es/movies/Ranchero-63541,"Este crudo drama estelarizado por Danny Trejo (MACHETE) 
sigue la vida de dos fracasados hombres de mediana edad y su batalla con las drogas, las pandillas y los sueños rotos 
en un miserable barrio de Los Ángeles.",SAM16,2011,94
154,50225,Movie,Rudo y Cursi : La vida es un volado,https://www.starz.com/ar/es/movies/Rudo-y-Cursi-:-La-vida-es-un-volado-50225,Los hermanos Beto (Diego Luna) y Tato (Gael García Bernal) Verdusco trabajan en un rancho platanero y juegan futbol en el equipo de su pueblo.,SAM16,2008,101
155,63675,Movie,El sabotaje,https://www.starz.com/ar/es/movies/El-sabotaje-63675,"Un equipo de élite de la agencia antidroga norteamericana (DEA) aprovecha una operación contra un cártel para apoderarse de un botín de varios millones de dólares; poco después, alguien empieza a eliminar a los miembros del grupo para quedarse con todo el dinero.",SAM16,2014,109
156,63449,Movie,Querido Santa Secreto,https://www.starz.com/ar/es/movies/Querido-Santa-Secreto-63449,"Tatyana Ali estelariza en esta película llena de estrellas, incluyendo a Jordin Sparks, Ernie Hudson y Della Reese. ¡Es un reconfortante romance navideño!",ATP,2013,89
157,44850,Movie,Rápido y fogoso,https://www.starz.com/ar/es/movies/Rápido-y-fogoso-44850,"Un adolescente desesperado por perder su virginidad convence a sus amigos de ir en un viaje por carretera con él para conocer a una chica que conoció en línea, pero el viaje pronto resulta en una serie de contratiempos hilarantes.",SAM16,2008,109
158,50878,Movie,Sicario,https://www.starz.com/ar/es/movies/Sicario-50878,"En el área fronteriza y anárquica que se extiende entre los Estados Unidos y México, una agente idealista del FBI es reclutada por un funcionario gubernamental élite para ayudar en la creciente guerra contra las drogas.",SAM16,2015,121
159,60727,Movie,Campamento del terror,https://www.starz.com/ar/es/movies/Campamento-del-terror-60727,"Cuatro jóvenes estadounidenses se apuntan como monitores en un campamento de verano en Europa. Al llegar, una extraña infección, que causa furia extrema, sumerge al grupo en una espiral de terror y locura",SAM13,2015,84
160,51922,Movie,Tropa de élite,https://www.starz.com/ar/es/movies/Tropa-de-élite-51922,"Antes de la llegada del Papa a Rio de Janeiro, el Capitán Nascimento de la fuerza BOPE quiere salir de la corporación para dedicarse a enseñar en la academia y poder atender a su esposa embarazada, por lo que debe encontrar un sustituto para su puesto.",SAM16,2007,115
161,49793,Movie,Mi nombre es Tsotsi,https://www.starz.com/ar/es/movies/Mi-nombre-es-Tsotsi-49793,"Un criminal convertido en asesino se da cuenta de que la mujer que asesinó dejó un bebé en el asiento trasero de su coche, y pronto se vuelve más apegado a él de lo que nunca pensó posible.",SAM16,2005,94
162,50834,Movie,Crepúsculo la saga: Amanecer – Parte 2,https://www.starz.com/ar/es/movies/Crepúsculo-la-saga:-Amanecer-–-Parte-2-50834,"En el quinto y último capítulo de la saga de Crepúsculo, el nacimiento del hijo de Bella y Edward enciende las fuerzas que amenazan con destruirlos a todos. Ahora, los Cullen deben conseguir la ayuda de amigos lejanos y antiguos enemigos, incluyendo la manada de lobos de Jacob, mientras las tensiones parecen dirigirse hacia una guerra total en la emocionante conclusión del fenómeno épico.",SAM13,2012,115
163,50241,Movie,"Crepúsculo, la saga: Eclipse","https://www.starz.com/ar/es/movies/Crepúsculo,-la-saga:-Eclipse-50241","Mientras una serie de misteriosos asesinatos se apodera de Seattle, Bella, cuya graduación de secundaria se acerca rápidamente, se ve obligada a elegir entre su amor por el vampiro Edward y su amistad con el hombre lobo Jacob.",SAM13,2010,123
164,51369,Movie,Tyler Perry's A Madea Christmas,https://www.starz.com/ar/es/movies/Tyler-Perry's-A-Madea-Christmas-51369,"A Madea la engatusan para ayudar a una amiga para hacer una visita sorpresa durante la Navidad, a su hija que vive en el campo. Pero la sorpresa mayor es lo que se llevan ellas cuando llegan. Mientras el pueblo se prepara para su fiesta navideña anual, se revelan nuevos secretos y se ponen a prueba viejas amistades entre tanto Madea les sirve a todos su propia marca de espíritu navideño.",SAM13,2013,99
165,51713,Movie,"¡Bu! 2 Una noche de brujas de Madea, de Tyler Perry","https://www.starz.com/ar/es/movies/¡Bu!-2-Una-noche-de-brujas-de-Madea,-de-Tyler-Perry-51713","Cuando la hija de Brian, (Tyler Perry) se escapa a una fiesta, en un campamento embrujado, Madea, Bam Hattie y Joe comienzan toda una travesía llena de miedo y diversión para traerla de regreso a casa, haciendo reír y asustando a todos los monstruos, duendes y fanáticos de la fiesta que se interponen en su camino.",SAM13,2017,100
166,39528,Movie,De Tyler Perry: Las niñas de papá,https://www.starz.com/ar/es/movies/De-Tyler-Perry:-Las-niñas-de-papá-39528,"Una historia opuesta a la de Cenicienta, en la que una exitosa abogada (Union) se enamora de un mecánico (Elba) con problemas financieros y padre soltero de tres niñas.",SAM13,2007,100
167,49570,Movie,Una vida por delante,https://www.starz.com/ar/es/movies/Una-vida-por-delante-49570,"Un ranchero (Robert Redford) de Wyoming le da refugio a su sufrida nuera (Jennifer Lopez), cuyas heridas tardan un buen tiempo en sanar.",SAM13,2005,107
168,50752,Movie,Zombie,https://www.starz.com/ar/es/movies/Zombie-50752,"Después del apocalipsis zombie, la sobreviviente Julie es rescatada de un ataque de zombies por R, quién también es uno de los muertos vivientes. Sin embargo, a medida que su relación se desarrolla, R aparentemente comienza a volverse humano de nuevo.",SAM13,2013,97
169,60447,Movie,Dónde Está El Dinero,https://www.starz.com/ar/es/movies/Dónde-Está-El-Dinero-60447,"Un joven de agudo intelecto, proveniente de las calles de South Central, debe ser reclutado en una fraternidad elitista en USC para recuperar dinero robado.",SAM16,2017,85
170,23791,Movie,Whiplash: Música y obsesión,https://www.starz.com/ar/es/movies/Whiplash:-Música-y-obsesión-23791,"El objetivo de Andrew Neiman, un joven y ambicioso baterista de jazz, es triunfar en el elitista Conservatorio de Música de la Costa Este en el que estudia. Marcado por el fracaso de la carrera literaria de su padre, Andrew alberga sueños de grandeza.",SAM16,2014,106
171,62694,Movie,La maldición de la casa Winchester,https://www.starz.com/ar/es/movies/La-maldición-de-la-casa-Winchester-62694,"El bebé y el marido (William Wirt Winchester) de Sarah Winchester, heredera de la compañía de rifles Winchester, mueren repentinamente. Debido a ello, cree estar maldita por toda la muerte causada por los rifles, por lo que acude a una médium, quien le aconseja construirse una casa en San José, California, la cual nunca debe finalizarse, para que los espíritus que regresan no puedan hallarla.",SAM13,2018,99
172,62754,Movie,Testigo de cargo,https://www.starz.com/ar/es/movies/Testigo-de-cargo-62754,"La historia está ambientada en el Londres de la década de 1920 y se centra en un asesinato, ""brutal y sanguinario"", que ha ""manchado las lujosas alfombras de una hermosa casa de Londres"".",SAM16,2017,117
